{"cameraMode":{"drawMode":0,"name":"Shaded","section":"Shading Mode"},"sceneLighting":false,"audioPlay":false,"sceneViewState":{"showFog":true,"showMaterialUpdate":false,"showSkybox":true,"showFlares":true,"showImageEffects":true,"showParticleSystems":true},"in2DMode":false,"pivot":{"x":-16.217174530029298,"y":-2.232720375061035,"z":5.566306114196777},"rotation":{"x":-0.14125922322273255,"y":0.26869797706604006,"z":-0.03987107425928116,"w":-0.9519756436347961},"size":77.01602172851563,"orthographic":false}