{"cameraMode":{"drawMode":0,"name":"Shaded","section":"Shading Mode"},"sceneLighting":false,"audioPlay":false,"sceneViewState":{"showFog":true,"showMaterialUpdate":false,"showSkybox":true,"showFlares":true,"showImageEffects":true,"showParticleSystems":true},"in2DMode":false,"pivot":{"x":2.6847100257873537,"y":16.65546989440918,"z":8.820939064025879},"rotation":{"x":-0.12744013965129853,"y":-0.018748002126812936,"z":0.002409120788797736,"w":-0.9916661381721497},"size":20.320158004760743,"orthographic":false}